,Cluster #,Cluster #,Cluster #,Cluster #
,0,1,2,3
Attribute,,,,
Imentorn,8.729999999999999,51.144285714285715,11.155,12.329999999999998
Imgastron,12.023333333333333,8.434285714285714,7.7925,8.63
Imcostviaje,17.53333333333333,8.532857142857143,17.565,41.331428571428575
Imvidanoct,11.95,10.512857142857145,42.81,8.649999999999999
Imalojamien,5.539999999999999,7.574285714285715,7.7075,9.981428571428571
Imarte,33.776666666666664,9.972857142857142,12.97,11.484285714285713
